df9b3adf-7496-44f7-9af0-ee505cb89441	Afghanistan	the Islamic Republic of Afghanistan	UN member	AF	AFG	4	.af
525c70cd-8c16-45f7-a611-4401d2391410	Åland Islands	Åland	Finland	AX	ALA	248	.ax
f9a14b8f-b621-4bad-a62a-0e5f71e48ab8	Albania	the Republic of Albania	UN member	AL	ALB	8	.al
5f3893e3-3f8a-459a-8fc7-c62c1f8b2ff8	Algeria	the People's Democratic Republic of Algeria	UN member	DZ	DZA	12	.dz
c6844077-789d-423d-b796-9e6fa5a46308	American Samoa	American Samoa	United States	AS	ASM	16	.as
b5487a5b-0c72-45e9-be5c-9ac1bedf2ddc	Andorra	the Principality of Andorra	UN member	AD	AND	20	.ad
597cd8fa-213b-4629-9d42-f04230668dfa	Angola	the Republic of Angola	UN member	AO	AGO	24	.ao
e9c17e2a-53c5-4457-976a-e19aaf317e4d	Anguilla	Anguilla	United Kingdom	AI	AIA	660	.ai
e1d643ad-1ab1-4e6c-b300-61ceb10b8eb4	Antarctica	Antarctica	Antarctic Treaty	AQ	ATA	10	.aq
3fe75aa9-335b-418b-81b2-99509d3583f7	Antigua and Barbuda	Antigua and Barbuda	UN member	AG	ATG	28	.ag
ccec5057-a0cb-47ce-af7f-37ac0377217f	Argentina	the Argentine Republic	UN member	AR	ARG	32	.ar
9eae9a24-a695-433e-bcbf-2f1094e72a4c	Armenia	the Republic of Armenia	UN member	AM	ARM	51	.am
69b02df6-c0da-4940-86a4-82ec882f45d3	Aruba	the Country of Aruba	Netherlands	AW	ABW	533	.aw
9a3f76ec-60ff-4177-a266-7fc84e8e9aae	Australia	the Commonwealth of Australia	UN member	AU	AUS	36	.au
4b024823-8757-41c1-ba3a-f32f8d78f86a	Austria	the Republic of Austria	UN member	AT	AUT	40	.at
85023d21-2622-4611-af59-cfe407d12d06	Azerbaijan	the Republic of Azerbaijan	UN member	AZ	AZE	31	.az
ea2dd1d1-5fc5-40c1-82d2-e7e30ae0b3c8	Bahamas (the)	the Commonwealth of The Bahamas	UN member	BS	BHS	44	.bs
541b740f-9b78-468b-8239-fe1229944011	Bahrain	the Kingdom of Bahrain	UN member	BH	BHR	48	.bh
ad548f73-e9a4-4d87-839d-6682d21a4365	Bangladesh	the People's Republic of Bangladesh	UN member	BD	BGD	50	.bd
c6a869c0-2acd-4534-8e23-685fb3ebd8e4	Barbados	Barbados	UN member	BB	BRB	52	.bb
bf5e1ee9-8a67-459d-b242-d540664e88e2	Belarus	the Republic of Belarus	UN member	BY	BLR	112	.by
e04e107f-d226-4a2a-b25d-4254020b179c	Belgium	the Kingdom of Belgium	UN member	BE	BEL	56	.be
39ffe334-6cf5-4a70-9403-3c18bc7dd0b2	Belize	Belize	UN member	BZ	BLZ	84	.bz
63b0b74f-a3e2-48b3-ac2b-0bdda9d9a463	Benin	the Republic of Benin	UN member	BJ	BEN	204	.bj
ea3097f7-297b-47d3-b255-6e9924103545	Bermuda	Bermuda	United Kingdom	BM	BMU	60	.bm
37c07d4b-75a0-49f1-88d7-edea727c6bc1	Bhutan	the Kingdom of Bhutan	UN member	BT	BTN	64	.bt
9705c195-f37c-404b-b0dc-ccdccf09d414	Bolivia (Plurinational State of)	the Plurinational State of Bolivia	UN member	BO	BOL	68	.bo
11b3f1da-2a6f-434e-a28c-909c00e5bc43	Bonaire, Sint Eustatius, Saba	Bonaire, Sint Eustatius and Saba	Netherlands	BQ	BES	535	.bq .nl
c5137aa4-ee6d-4adf-95c9-0718709b1946	Bosnia and Herzegovina	Bosnia and Herzegovina	UN member	BA	BIH	70	.ba
6f14bbf1-3210-423f-9ca9-010a894aad0c	Botswana	the Republic of Botswana	UN member	BW	BWA	72	.bw
77fea336-45b8-4e24-bc24-1358a2ec4313	Bouvet Island	Bouvet Island	Norway	BV	BVT	74	
ae3a69c0-02f1-4263-8b0a-084de7abfcc0	Brazil	the Federative Republic of Brazil	UN member	BR	BRA	76	.br
05612d83-c6ec-43f4-b670-5769f599e93b	British Indian Ocean Territory (the)	the British Indian Ocean Territory	United Kingdom	IO	IOT	86	.io
6088c24d-6e8b-4f7d-9084-aa678061c381	Brunei Darussalam	Brunei Darussalam	UN member	BN	BRN	96	.bn
42b1b2d9-3c3c-4fdf-8dbf-45e03816dcfe	Bulgaria	the Republic of Bulgaria	UN member	BG	BGR	100	.bg
3c7415b5-26b3-478a-b659-edbde86c0bd3	Burkina Faso	Burkina Faso	UN member	BF	BFA	854	.bf
92f36e7e-fdfb-4ff9-a97b-f7ecaf9debb5	Burundi	the Republic of Burundi	UN member	BI	BDI	108	.bi
ed40d1a3-6b3c-4199-9b12-820444bbc104	Cabo Verde	the Republic of Cabo Verde	UN member	CV	CPV	132	.cv
18120c96-c6de-4ed1-accf-69af824711fd	Cambodia	the Kingdom of Cambodia	UN member	KH	KHM	116	.kh
bd187b93-faeb-4f25-ad46-a1e8751ef4cb	Cameroon	the Republic of Cameroon	UN member	CM	CMR	120	.cm
638faa40-acb6-4e9f-a8ad-55497c718971	Canada	Canada	UN member	CA	CAN	124	.ca
e2ba563d-be1a-425d-aa8d-faff52661dd0	Cayman Islands (the)	the Cayman Islands	United Kingdom	KY	CYM	136	.ky
6b904335-a9a8-441e-8440-fcf803b67afc	Central African Republic (the)	the Central African Republic	UN member	CF	CAF	140	.cf
1494ed43-c4e0-4335-8d47-f2a008188f38	Chad	the Republic of Chad	UN member	TD	TCD	148	.td
7c77b361-0eb0-4365-a925-08710d9e00e3	Chile	the Republic of Chile	UN member	CL	CHL	152	.cl
11a0d939-4415-4e35-a6b9-9a24292a18ea	China	the People's Republic of China	UN member	CN	CHN	156	.cn
36952ed4-16d0-4fae-acfe-50553da10e2f	Christmas Island	the Territory of Christmas Island	Australia	CX	CXR	162	.cx
ed130f31-345d-404c-93ba-3f8684c82b68	Cocos (Keeling) Islands (the)	the Territory of Cocos (Keeling) Islands	Australia	CC	CCK	166	.cc
5d3e03bb-02a9-4eb2-a817-cce5ad113890	Colombia	the Republic of Colombia	UN member	CO	COL	170	.co
71724126-bad7-4a6f-9f93-5303cd11905e	Comoros (the)	the Union of the Comoros	UN member	KM	COM	174	.km
ec9c91d3-5bf5-4a78-9c67-b5a11a353e3c	Congo (the Democratic Republic of the)	the Democratic Republic of the Congo	UN member	CD	COD	180	.cd
32de6ce2-5b12-4d2e-bae3-2e0700fcfa18	Congo (the)	the Republic of the Congo	UN member	CG	COG	178	.cg
650c46d7-6b1a-46e0-8a45-21fccaacfaf6	Cook Islands (the)	the Cook Islands	New Zealand	CK	COK	184	.ck
3665b7c7-b45f-413a-9252-e808a3e3bd64	Costa Rica	the Republic of Costa Rica	UN member	CR	CRI	188	.cr
0c92a339-6ddf-4e33-b553-c8f749446059	Côte d'Ivoire	the Republic of Côte d'Ivoire	UN member	CI	CIV	384	.ci
b7ab171a-a51e-4e33-b434-cf07a8560e06	Croatia	the Republic of Croatia	UN member	HR	HRV	191	.hr
d569bb20-4589-43e5-8128-724d2e91d767	Cuba	the Republic of Cuba	UN member	CU	CUB	192	.cu
47f9262e-d4bc-455e-93fb-25d16e8078e3	Curaçao	the Country of Curaçao	Netherlands	CW	CUW	531	.cw
9c216490-374e-4004-8a5e-1493eb1e86c3	Cyprus	the Republic of Cyprus	UN member	CY	CYP	196	.cy
b6a78975-7529-45f2-86ee-831bb627cf4f	Czechia	the Czech Republic	UN member	CZ	CZE	203	.cz
883fd745-c32e-4c1c-b3ad-8fce953f9b97	Denmark	the Kingdom of Denmark	UN member	DK	DNK	208	.dk
612a5404-1729-4730-8716-bfc4d2e3cfad	Djibouti	the Republic of Djibouti	UN member	DJ	DJI	262	.dj
9f56d14a-e773-4f54-ac2f-9b50288c0c28	Dominica	the Commonwealth of Dominica	UN member	DM	DMA	212	.dm
2c71eb01-f00f-4997-a17e-d23deafb8f35	Dominican Republic (the)	the Dominican Republic	UN member	DO	DOM	214	.do
e0c2ac18-35e6-460f-99c0-9114c00ebf66	Ecuador	the Republic of Ecuador	UN member	EC	ECU	218	.ec
3fbf0d58-5d1b-4985-ab4c-bfe63b8febd5	Egypt	the Arab Republic of Egypt	UN member	EG	EGY	818	.eg
d45751e1-a092-4b3d-a81e-83c788a8ee74	El Salvador	the Republic of El Salvador	UN member	SV	SLV	222	.sv
05f3a8c3-ac31-40eb-90e1-a77abb3cf54a	Equatorial Guinea	the Republic of Equatorial Guinea	UN member	GQ	GNQ	226	.gq
728e144e-73c9-4ac9-a334-034b2cf5b618	Eritrea	the State of Eritrea	UN member	ER	ERI	232	.er
c6e485bd-a61c-4754-ba61-48a0d8a31372	Estonia	the Republic of Estonia	UN member	EE	EST	233	.ee
41ad9a6f-82f8-4578-ba7c-337edc24899d	Eswatini	the Kingdom of Eswatini	UN member	SZ	SWZ	748	.sz
6a8fbb0a-4468-47ec-906a-10c3320ad556	Ethiopia	the Federal Democratic Republic of Ethiopia	UN member	ET	ETH	231	.et
d2b5227a-4cb2-4215-ae11-46c5988c8c03	Falkland Islands (the)	the Falkland Islands	United Kingdom	FK	FLK	238	.fk
fcb7bd27-e27d-4933-8bb3-76f212578cd1	Faroe Islands (the)	the Faroe Islands	Denmark	FO	FRO	234	.fo
64fbb6a3-19f6-4fc3-a03d-7d89eac9007c	Fiji	the Republic of Fiji	UN member	FJ	FJI	242	.fj
9122b2c3-c246-4935-a12c-7f14c12748a8	Finland	the Republic of Finland	UN member	FI	FIN	246	.fi
3fe2d07b-019f-4348-b56d-ee04856eb51a	France	the French Republic	UN member	FR	FRA	250	.fr
3494f3b6-452e-422f-9a78-835b925df322	French Guiana	Guyane	France	GF	GUF	254	.gf
b967f802-6fde-42ec-b3aa-0867267078ad	French Polynesia	Overseas Lands of French Polynesia	France	PF	PYF	258	.pf
27159638-bb0a-45b7-b4d7-00d471f17b7e	French Southern Territories (the)	the French Southern and Antarctic Lands	France	TF	ATF	260	.tf
80d034ff-3d76-4751-ac34-f3960f3b3462	Gabon	the Gabonese Republic	UN member	GA	GAB	266	.ga
fdded342-015d-42fe-81b5-1f00504364e4	Gambia (the)	the Republic of The Gambia	UN member	GM	GMB	270	.gm
64e0caeb-7104-498e-91c6-f9202101227b	Georgia	Georgia	UN member	GE	GEO	268	.ge
d1c8a572-84d9-43ae-a38a-f5c127011a46	Germany	the Federal Republic of Germany	UN member	DE	DEU	276	.de
fd294877-c4ba-47ff-91e9-54e177c76e8b	Ghana	the Republic of Ghana	UN member	GH	GHA	288	.gh
c928cc70-e4c6-429d-bc68-f6845a7815fb	Gibraltar	Gibraltar	United Kingdom	GI	GIB	292	.gi
5cec456c-008b-4116-9b39-6f25657ae161	Greece	the Hellenic Republic	UN member	GR	GRC	300	.gr
3bd75a05-6dd8-496d-8627-bc61fc03cceb	Greenland	Greenland	Denmark	GL	GRL	304	.gl
148b44a4-fe27-45a9-8416-6e65bc2bfe6a	Grenada	Grenada	UN member	GD	GRD	308	.gd
02f0ea95-bd9c-4904-aa47-d05133e1d880	Guadeloupe	Guadeloupe	France	GP	GLP	312	.gp
25d9782a-2be0-4aff-8cc4-1aec1aca3825	Guam	Guam	United States	GU	GUM	316	.gu
b829be72-c585-4049-b865-51ed79dda1a5	Guatemala	the Republic of Guatemala	UN member	GT	GTM	320	.gt
c2fcfb6b-ba5c-4bf9-bd18-a92149ff0297	Guernsey	the Bailiwick of Guernsey	British Crown	GG	GGY	831	.gg
359b64a4-4855-427b-87c9-9fea8b9167e1	Guinea	the Republic of Guinea	UN member	GN	GIN	324	.gn
21cfafd5-e106-4eb7-a2b3-1dcc2f9a525e	Guinea-Bissau	the Republic of Guinea-Bissau	UN member	GW	GNB	624	.gw
98d2eddd-4dec-492c-93a5-4fca34d7842b	Guyana	the Co-operative Republic of Guyana	UN member	GY	GUY	328	.gy
58aff18c-a53b-417f-b69a-20c2913d24a6	Haiti	the Republic of Haiti	UN member	HT	HTI	332	.ht
2f57e798-bcdf-4bfa-8e55-66e6a365a232	Heard Island and McDonald Islands	the Territory of Heard Island and McDonald Islands	Australia	HM	HMD	334	.hm
f861e757-d98a-4871-9763-bfd4f03e2810	Holy See (the)	the Holy See	UN observer	VA	VAT	336	.va
ea83f75d-4609-4929-a8c2-9093cf519e43	Honduras	the Republic of Honduras	UN member	HN	HND	340	.hn
fccecb73-b3b3-4221-8cd0-19f9b2cf81db	Hong Kong	the Hong Kong Special Administrative Region of China	China	HK	HKG	344	.hk
310a177b-9c19-43cd-9677-35d8e5b78065	Hungary	Hungary	UN member	HU	HUN	348	.hu
2f9f01e5-97fa-441e-9729-b718a60eb1ba	Iceland	Iceland	UN member	IS	ISL	352	.is
d5ccc353-0a00-49b2-a17d-57a4602a84bc	India	the Republic of India	UN member	IN	IND	356	.in
214d6287-5ae2-44fd-9323-12628ecf62b1	Indonesia	the Republic of Indonesia	UN member	ID	IDN	360	.id
b51c0bf5-eec3-4154-95c1-9d07b240b0a7	Iran (Islamic Republic of)	the Islamic Republic of Iran	UN member	IR	IRN	364	.ir
0c68b2e6-c37b-41a3-93dc-4415351156c6	Iraq	the Republic of Iraq	UN member	IQ	IRQ	368	.iq
8695380a-903f-4da3-9ae8-697761739743	Ireland	Ireland	UN member	IE	IRL	372	.ie
8914ef5a-8509-4e80-8610-50a3b968e831	Isle of Man	the Isle of Man	British Crown	IM	IMN	833	.im
d6b9357f-17b4-450d-86e4-cd2724a2b5f0	Israel	the State of Israel	UN member	IL	ISR	376	.il
586bef7d-02d9-4e3a-8a65-d08a0c3e214c	Italy	the Italian Republic	UN member	IT	ITA	380	.it
034186b9-2da2-4e81-bc78-abbc1bb3ede0	Jamaica	Jamaica	UN member	JM	JAM	388	.jm
54a59dbe-9ef5-46dd-8c5e-fe36fc9c6f4e	Japan	Japan	UN member	JP	JPN	392	.jp
bc18daee-6c4f-4cdf-b816-18b479c7f73a	Jersey	the Bailiwick of Jersey	British Crown	JE	JEY	832	.je
eee12f49-3b26-4473-baf2-3110219dc539	Jordan	the Hashemite Kingdom of Jordan	UN member	JO	JOR	400	.jo
39b5798b-fe21-4a87-af93-2f4f987b8ae1	Kazakhstan	the Republic of Kazakhstan	UN member	KZ	KAZ	398	.kz
1f4b7ed1-5b80-4262-949b-a69274406a68	Kenya	the Republic of Kenya	UN member	KE	KEN	404	.ke
8cbc6f2f-3a7b-4276-b297-ab0648b1e71f	Kiribati	the Republic of Kiribati	UN member	KI	KIR	296	.ki
a8856126-2812-4272-8360-e473c2288b3a	Korea (the Democratic People's Republic of)	the Democratic People's Republic of Korea	UN member	KP	PRK	408	.kp
a85763c0-7aea-4023-a8d1-b279a3c211c8	Korea (the Republic of)	the Republic of Korea	UN member	KR	KOR	410	.kr
6fee94d8-7862-4893-9cb2-546f8b91cbca	Kuwait	the State of Kuwait	UN member	KW	KWT	414	.kw
253219e1-9853-4a6c-9e6e-2479959aa0e0	Kyrgyzstan	the Kyrgyz Republic	UN member	KG	KGZ	417	.kg
9aeed94a-bd0d-4639-8d1b-1f243ad6e0b9	Lao People's Democratic Republic (the)	the Lao People's Democratic Republic	UN member	LA	LAO	418	.la
42a48a4f-ec4d-480c-9ed2-04696657a25f	Latvia	the Republic of Latvia	UN member	LV	LVA	428	.lv
92fa9c36-e2c2-48ce-884d-abffbb5da1f3	Lebanon	the Lebanese Republic	UN member	LB	LBN	422	.lb
d2a53215-6cbb-4351-8bd5-9f74120c575c	Lesotho	the Kingdom of Lesotho	UN member	LS	LSO	426	.ls
f42d787e-cdb2-4b72-ab00-6560c176c0b7	Liberia	the Republic of Liberia	UN member	LR	LBR	430	.lr
713d4f7c-1597-4dc8-b3f2-0d2751a67381	Libya	the State of Libya	UN member	LY	LBY	434	.ly
0dcb1977-267f-4dd0-a5c3-9b2707624d8a	Liechtenstein	the Principality of Liechtenstein	UN member	LI	LIE	438	.li
d1e26499-f538-4a98-8a69-e74befc9f18e	Lithuania	the Republic of Lithuania	UN member	LT	LTU	440	.lt
ddba606d-48c8-436f-a491-3008caf8b25b	Luxembourg	the Grand Duchy of Luxembourg	UN member	LU	LUX	442	.lu
e2bad3d4-1cb7-472c-95df-51fc21b3f49d	Macao	the Macao Special Administrative Region of China	China	MO	MAC	446	.mo
15cf3533-3f27-492f-a15e-4993c5aa792e	Madagascar	the Republic of Madagascar	UN member	MG	MDG	450	.mg
9e8ad1b6-87b3-4dda-ab76-618f73b7a52b	Malawi	the Republic of Malawi	UN member	MW	MWI	454	.mw
08e88f1c-1472-4d05-8ff7-4ea64cdc2bb1	Malaysia	Malaysia	UN member	MY	MYS	458	.my
08061661-daa2-41ef-b157-43e0bee64d23	Maldives	the Republic of Maldives	UN member	MV	MDV	462	.mv
632d9e48-e695-4d3d-aa34-3c2e4b3f4de4	Mali	the Republic of Mali	UN member	ML	MLI	466	.ml
1098be7b-cd86-4818-ac74-206a2a252e8d	Malta	the Republic of Malta	UN member	MT	MLT	470	.mt
3bf4b71d-24a1-4660-a80e-aaf480094c13	Marshall Islands (the)	the Republic of the Marshall Islands	UN member	MH	MHL	584	.mh
ffb6800d-f657-4b41-a732-73bd0e53aff0	Martinique	Martinique	France	MQ	MTQ	474	.mq
233bde90-b18e-4dad-980f-aa0b719ad950	Mauritania	the Islamic Republic of Mauritania	UN member	MR	MRT	478	.mr
451b286a-4a45-48e8-a4ae-163837a2def9	Mauritius	the Republic of Mauritius	UN member	MU	MUS	480	.mu
8fd61f84-06f9-454b-a3cd-454f961becb9	Mayotte	the Department of Mayotte	France	YT	MYT	175	.yt
794f18bd-9116-4cf8-8de9-95a9e02f4909	Mexico	the United Mexican States	UN member	MX	MEX	484	.mx
3095e5d3-22b4-4ccc-bd7f-d63f00f024cd	Micronesia (Federated States of)	the Federated States of Micronesia	UN member	FM	FSM	583	.fm
d3e0eaeb-2054-464a-9193-64da05a0685d	Moldova (the Republic of)	the Republic of Moldova	UN member	MD	MDA	498	.md
76eeefa6-3630-4723-a542-40b2ccf5cd01	Monaco	the Principality of Monaco	UN member	MC	MCO	492	.mc
dcdf5292-5d42-4f10-9f12-30daecc25ceb	Mongolia	Mongolia	UN member	MN	MNG	496	.mn
2d318e41-e10c-4233-83b8-b7059f218f49	Montenegro	Montenegro	UN member	ME	MNE	499	.me
940d58ab-9c4a-43aa-b98a-2fbbd0868ebd	Montserrat	Montserrat	United Kingdom	MS	MSR	500	.ms
3510c98b-ba13-4258-ad03-6d4086aee00c	Morocco	the Kingdom of Morocco	UN member	MA	MAR	504	.ma
f8a116e9-4e3a-4e65-ba00-7d85faf00a83	Mozambique	the Republic of Mozambique	UN member	MZ	MOZ	508	.mz
3de14edb-637c-4a42-9dec-2c03ddb64900	Myanmar	the Republic of the Union of Myanmar	UN member	MM	MMR	104	.mm
e7e10337-2d43-4757-8922-8843e3172c2f	Namibia	the Republic of Namibia	UN member	NA	NAM	516	.na
4178742d-4954-414f-9ee7-a9c945183d34	Nauru	the Republic of Nauru	UN member	NR	NRU	520	.nr
3033fb0f-e5bb-497d-a3d9-1ba9d84089cc	Nepal	the Federal Democratic Republic of Nepal	UN member	NP	NPL	524	.np
b62e0aaa-6efd-411e-9e9b-fae621bb504f	Netherlands (Kingdom of the)	the Kingdom of the Netherlands	UN member	NL	NLD	528	.nl
8d487a5a-48cd-4dc8-9ae9-d0d85aa8197b	New Caledonia	New Caledonia	France	NC	NCL	540	.nc
0e7a1f0b-e9e5-4b21-9ad5-083e9cc1a05f	New Zealand	New Zealand	UN member	NZ	NZL	554	.nz
cb136532-be54-4c73-9de3-3a8b0f78536d	Nicaragua	the Republic of Nicaragua	UN member	NI	NIC	558	.ni
42a6272a-146b-4f9f-8d91-2718e161dbdc	Niger (the)	the Republic of the Niger	UN member	NE	NER	562	.ne
0d014427-0df0-47f4-86a3-c14638ac1071	Nigeria	the Federal Republic of Nigeria	UN member	NG	NGA	566	.ng
547307f6-3d0f-486d-b201-1471de1cae61	Niue	Niue	New Zealand	NU	NIU	570	.nu
36368e79-b253-4f5d-b665-4dfb83198f1a	Norfolk Island	the Territory of Norfolk Island	Australia	NF	NFK	574	.nf
67f06d20-e063-4936-8975-bc2da65e16cd	North Macedonia	the Republic of North Macedonia	UN member	MK	MKD	807	.mk
0dc32b62-b40f-4f86-b89f-e14ebbf95a0d	Northern Mariana Islands (the)	the Commonwealth of the Northern Mariana Islands	United States	MP	MNP	580	.mp
417084c0-3bdd-4503-8c69-1d1098b7110a	Norway	the Kingdom of Norway	UN member	NO	NOR	578	.no
b04ca4db-89f5-46b0-8b44-4e1fcd6e1c87	Oman	the Sultanate of Oman	UN member	OM	OMN	512	.om
ad3efa61-d086-4f75-91d8-8c54e293f9a0	Pakistan	the Islamic Republic of Pakistan	UN member	PK	PAK	586	.pk
d155a1e7-ece0-4ede-8332-ded21f3f25e8	Palau	the Republic of Palau	UN member	PW	PLW	585	.pw
53163922-2d5c-405a-9d19-db0a5b2d8434	Palestine, State of	the State of Palestine	UN observer	PS	PSE	275	.ps
7aacd3b5-ef4d-43b9-8750-64f427d578db	Panama	the Republic of Panama	UN member	PA	PAN	591	.pa
7133e359-3436-4de6-893c-9532210c7cc1	Papua New Guinea	the Independent State of Papua New Guinea	UN member	PG	PNG	598	.pg
828035dd-a850-4479-97a7-ab63d60fb026	Paraguay	the Republic of Paraguay	UN member	PY	PRY	600	.py
85321d71-00a3-4cec-96be-32e098e9ef62	Peru	the Republic of Peru	UN member	PE	PER	604	.pe
10a77a80-72a0-4887-985e-d9f07c5b1ab1	Philippines (the)	the Republic of the Philippines	UN member	PH	PHL	608	.ph
83560279-059d-4705-883b-95a60abc3870	Pitcairn	the Pitcairn, Henderson, Ducie and Oeno Islands	United Kingdom	PN	PCN	612	.pn
839737a7-9d35-4d1a-a20b-3ca1fc6c7910	Poland	the Republic of Poland	UN member	PL	POL	616	.pl
39fb6a26-d619-4ad8-a38c-0150de19cf38	Portugal	the Portuguese Republic	UN member	PT	PRT	620	.pt
5a53fcf5-9fa1-4bef-9ee1-997c626bbd98	Puerto Rico	the Commonwealth of Puerto Rico	United States	PR	PRI	630	.pr
d9145662-164d-46d9-b773-6e58e7fbea54	Qatar	the State of Qatar	UN member	QA	QAT	634	.qa
0e8dedeb-a5e5-40b3-aa79-d1b1d2d5df3e	Réunion	Réunion	France	RE	REU	638	.re
67f5df04-788f-4752-a83c-542b134844bd	Romania	Romania	UN member	RO	ROU	642	.ro
a15f321e-7e7a-47be-8296-2459b1a45bda	Russian Federation (the)	the Russian Federation	UN member	RU	RUS	643	.ru
f436c5e4-fa95-43d1-911a-e198b80d379a	Rwanda	the Republic of Rwanda	UN member	RW	RWA	646	.rw
92e4eb0a-5799-430a-9bf2-234e0a140550	Saint Barthélemy	the Collectivity of Saint-Barthélemy	France	BL	BLM	652	.bl
3bef532c-8821-4ec3-90b1-a23bfaf72466	Saint Helena, Ascension Island, Tristan da Cunha	Saint Helena, Ascension and Tristan da Cunha	United Kingdom	SH	SHN	654	.sh
57f3346d-6581-4d07-bc45-ad2ca48633f9	Saint Kitts and Nevis	the Federation of Saint Kitts and Nevis	UN member	KN	KNA	659	.kn
4a4c8e51-0f69-4004-adaa-1a5d3df59e41	Saint Lucia	Saint Lucia	UN member	LC	LCA	662	.lc
35a89d21-80ca-467a-8431-092c59724b1f	Saint Martin (French part)	the Collectivity of Saint-Martin	France	MF	MAF	663	.mf
d7df06ba-028e-494c-b0db-5d2a4d020d88	Saint Pierre and Miquelon	the Overseas Collectivity of Saint-Pierre and Miquelon	France	PM	SPM	666	.pm
02a19962-32eb-4b60-b59f-669d65f242fc	Saint Vincent and the Grenadines	Saint Vincent and the Grenadines	UN member	VC	VCT	670	.vc
d06db420-2325-4a76-8385-44785224fbc5	Samoa	the Independent State of Samoa	UN member	WS	WSM	882	.ws
4853ddae-edb8-4559-97ec-9abf13bac827	San Marino	the Republic of San Marino	UN member	SM	SMR	674	.sm
c42df195-54e1-4be2-8d2f-41626e0be926	Sao Tome and Principe	the Democratic Republic of São Tomé and Príncipe	UN member	ST	STP	678	.st
cc6eeb0b-ef33-4811-8166-9e29aed5fec8	Saudi Arabia	the Kingdom of Saudi Arabia	UN member	SA	SAU	682	.sa
2e25bda4-56d5-40c5-a162-e9d5516e52a8	Senegal	the Republic of Senegal	UN member	SN	SEN	686	.sn
a78edcac-4065-4888-b319-dcf6846c1d6b	Serbia	the Republic of Serbia	UN member	RS	SRB	688	.rs
c960e814-4be0-4c49-9729-cc1757128f1a	Seychelles	the Republic of Seychelles	UN member	SC	SYC	690	.sc
476449eb-f228-4b52-b766-c7b1da5ed87e	Sierra Leone	the Republic of Sierra Leone	UN member	SL	SLE	694	.sl
9d4aa6fd-6de1-45e7-bc00-cb8127cff74d	Singapore	the Republic of Singapore	UN member	SG	SGP	702	.sg
0351896f-45b7-4e2a-90c3-a0b5e12fb8a0	Sint Maarten (Dutch part)	Sint Maarten	Netherlands	SX	SXM	534	.sx
d28daa6c-7622-4ca3-892d-a0da6792a955	Slovakia	the Slovak Republic	UN member	SK	SVK	703	.sk
ca44c8de-695e-4c91-82c3-3a3229153edd	Slovenia	the Republic of Slovenia	UN member	SI	SVN	705	.si
3123c3d4-92f9-43fc-8fa2-fb3ccc6d696b	Solomon Islands	the Solomon Islands	UN member	SB	SLB	90	.sb
68794896-3a68-4810-bb16-d49f703fdc42	Somalia	the Federal Republic of Somalia	UN member	SO	SOM	706	.so
d6a71fce-dd0f-4ebe-957f-f65e29bc701c	South Africa	the Republic of South Africa	UN member	ZA	ZAF	710	.za
550c80cf-aa23-4891-905a-83b1c19fa634	South Georgia and the South Sandwich Islands	South Georgia and the South Sandwich Islands	United Kingdom	GS	SGS	239	.gs
a164d3a0-c0e1-4fba-810b-274fb8c787a5	South Sudan	the Republic of South Sudan	UN member	SS	SSD	728	.ss
a0666f72-5415-431b-bdbd-b73574f63548	Spain	the Kingdom of Spain	UN member	ES	ESP	724	.es
832d98d9-43c4-4bdd-bbb5-bdb17908a513	Sri Lanka	the Democratic Socialist Republic of Sri Lanka	UN member	LK	LKA	144	.lk
8c755b54-1196-492b-a2cd-18ce9fbd5fa5	Sudan (the)	the Republic of the Sudan	UN member	SD	SDN	729	.sd
24b1bf2f-471f-4534-8adc-1b29aa4e6143	Suriname	the Republic of Suriname	UN member	SR	SUR	740	.sr
57389e82-4aa0-4248-b753-08f8c87ef933	Svalbard, Jan Mayen	Svalbard and Jan Mayen	Norway	SJ	SJM	744	
365ec59a-4b15-4ffe-9a96-ac6e1bf51914	Sweden	the Kingdom of Sweden	UN member	SE	SWE	752	.se
ade8939a-6b2c-4e9b-9be4-7ac57baa53e1	Switzerland	the Swiss Confederation	UN member	CH	CHE	756	.ch
5ffa2b6e-06de-401b-9e68-0be84fe69210	Syrian Arab Republic (the)	the Syrian Arab Republic	UN member	SY	SYR	760	.sy
cb2c8661-f1aa-4785-8ec3-700dbe1a242a	Taiwan (Province of China)	the Republic of China	Disputed	TW	TWN	158	.tw
c42a585a-78ae-47ea-a7e9-42094ee24b83	Tajikistan	the Republic of Tajikistan	UN member	TJ	TJK	762	.tj
c52030d2-db39-421a-8711-56bc7b7e8f7d	Tanzania, the United Republic of	the United Republic of Tanzania	UN member	TZ	TZA	834	.tz
862c72cf-8d70-4f58-a846-24b4694481f5	Thailand	the Kingdom of Thailand	UN member	TH	THA	764	.th
ba83f02b-354a-434e-927f-f67ee255aa1f	Timor-Leste	the Democratic Republic of Timor-Leste	UN member	TL	TLS	626	.tl
69c076f2-fdfc-4b37-b0af-d6be7f98ef74	Togo	the Togolese Republic	UN member	TG	TGO	768	.tg
8b123971-70b1-4b7f-9684-8f0f5c91a8b9	Tokelau	Tokelau	New Zealand	TK	TKL	772	.tk
c263e545-a2f9-43b4-9d54-9516139b30b5	Tonga	the Kingdom of Tonga	UN member	TO	TON	776	.to
55cdaadc-cccd-4f22-b284-5c19bf5ec5be	Trinidad and Tobago	the Republic of Trinidad and Tobago	UN member	TT	TTO	780	.tt
7d2009df-cce1-4615-9d54-fab09dbfd0f0	Tunisia	the Republic of Tunisia	UN member	TN	TUN	788	.tn
bc3e55b6-6c20-4b58-9caf-2a3ec185f55a	Türkiye	the Republic of Türkiye	UN member	TR	TUR	792	.tr
6f203798-7698-43fe-8a0c-d3021d6557c7	Turkmenistan	Turkmenistan	UN member	TM	TKM	795	.tm
72c3da6f-2cea-4629-a643-b5fd14f6133e	Turks and Caicos Islands (the)	the Turks and Caicos Islands	United Kingdom	TC	TCA	796	.tc
35745076-8aad-4ba9-86bb-f1af6d95de69	Tuvalu	Tuvalu	UN member	TV	TUV	798	.tv
667bfc84-6fbe-478a-a44c-9e8c48eb30cb	Uganda	the Republic of Uganda	UN member	UG	UGA	800	.ug
da1040fd-da95-49a1-8085-facea265b1f1	Ukraine	Ukraine	UN member	UA	UKR	804	.ua
b5b49862-c0be-4164-a8ec-a7d8e10a2364	United Arab Emirates (the)	the United Arab Emirates	UN member	AE	ARE	784	.ae
fa1c6e22-e6b0-49da-b9c2-4a0b33a2059e	United Kingdom of Great Britain and Northern Ireland (the)	the United Kingdom of Great Britain and Northern Ireland	UN member	GB	GBR	826	.gb,.uk
dc40c368-cfa7-4cfd-9110-b0a1d619204f	United States Minor Outlying Islands (the)	United States Pacific Island Wildlife Refuges, Navassa Island, and Wake Island	United States	UM	UMI	581	
df480a97-8ff4-4473-8c1b-b3602b7d5b51	United States of America (the)	the United States of America	UN member	US	USA	840	.us
d3028d76-2978-43d4-b989-ce6e977e6f7f	Uruguay	the Oriental Republic of Uruguay	UN member	UY	URY	858	.uy
e03143a6-4eb5-4592-86ca-d39a77e53ed2	Uzbekistan	the Republic of Uzbekistan	UN member	UZ	UZB	860	.uz
8daa0a20-8468-4fdd-952c-af300f2a31a6	Vanuatu	the Republic of Vanuatu	UN member	VU	VUT	548	.vu
c89203d9-46dd-4f2e-bc43-bbbbb620f31c	Venezuela (Bolivarian Republic of)	the Bolivarian Republic of Venezuela	UN member	VE	VEN	862	.ve
0779d765-052a-49af-acbb-103bccd16099	Viet Nam	the Socialist Republic of Viet Nam	UN member	VN	VNM	704	.vn
3a413411-da7c-4622-b32d-6157dff7cc9b	Virgin Islands (British)	the Virgin Islands	United Kingdom	VG	VGB	92	.vg
89c247a1-fe19-4157-a2bd-bd5d3ef84ab7	Virgin Islands (U.S.)	the Virgin Islands of the United States	United States	VI	VIR	850	.vi
4d0374a5-0745-4d98-8c71-b64814ff5bb2	Wallis and Futuna	the Territory of the Wallis and Futuna Islands	France	WF	WLF	876	.wf
4db7e75f-9bfd-46b5-bf66-3e8bf2f40934	Western Sahara	the Sahrawi Arab Democratic Republic	Disputed	EH	ESH	732	
ca5b0b30-2efe-4a2d-b321-00f67a5d010f	Yemen	the Republic of Yemen	UN member	YE	YEM	887	.ye
a47fecb6-8984-4026-b345-5c201fabade1	Zambia	the Republic of Zambia	UN member	ZM	ZMB	894	.zm
ef33b748-3b07-4250-8ff9-79de1b73844e	Zimbabwe	the Republic of Zimbabwe	UN member	ZW	ZWE	716	.zw